"","Group.1","x"
"1","KIA",14233.75
"2","KT",9535.29166666667
"3","LG",15761.75
"4","NC",7376.68055555556
"5","SK",12396.4027777778
"6","넥센",9713.61111111111
"7","두산",15205.9583333333
"8","롯데",14423.5
"9","삼성",9789.68055555555
"10","한화",8239.59722222222
